{
    "1": {
        "id": 1,
        "name": "Ana Garc\u00eda",
        "age": 28,
        "gender": "Mujer",
        "interested_in": "Hombres",
        "bio": "Me encanta viajar, leer y conocer nuevas culturas. Busco a alguien con quien compartir aventuras.",
        "location": "Madrid",
        "photos": [
            "ana1.jpg"
        ],
        "interests": [
            "Viajes",
            "Lectura",
            "Cine",
            "Deportes"
        ]
    },
    "2": {
        "id": 2,
        "name": "Carlos L\u00f3pez",
        "age": 32,
        "gender": "Hombre",
        "interested_in": "Mujeres",
        "bio": "Ingeniero apasionado por la tecnolog\u00eda y el deporte. Me gusta salir a correr los fines de semana.",
        "location": "Barcelona",
        "photos": [
            "carlos1.jpg"
        ],
        "interests": [
            "Tecnolog\u00eda",
            "Deportes",
            "M\u00fasica",
            "Cocina"
        ]
    },
    "3": {
        "id": 3,
        "name": "Laura Mart\u00ednez",
        "age": 26,
        "gender": "Mujer",
        "interested_in": "Hombres",
        "bio": "Artista y amante de la naturaleza. Disfruto pintando paisajes y haciendo senderismo.",
        "location": "Valencia",
        "photos": [
            "laura1.jpg"
        ],
        "interests": [
            "Arte",
            "Naturaleza",
            "Fotograf\u00eda",
            "Yoga"
        ]
    },
    "4": {
        "id": 4,
        "name": "David Rodr\u00edguez",
        "age": 30,
        "gender": "Hombre",
        "interested_in": "Mujeres",
        "bio": "Chef profesional con un toque de aventurero. Siempre buscando nuevos sabores y experiencias.",
        "location": "Sevilla",
        "photos": [
            "david1.jpg"
        ],
        "interests": [
            "Cocina",
            "Viajes",
            "Vino",
            "Deportes de aventura"
        ]
    },
    "5": {
        "id": 5,
        "name": "Sof\u00eda P\u00e9rez",
        "age": 29,
        "gender": "Mujer",
        "interested_in": "Hombres",
        "bio": "Psic\u00f3loga con inter\u00e9s en el desarrollo personal. Me gusta bailar y pasar tiempo con amigos.",
        "location": "Bilbao",
        "photos": [
            "sofia1.jpg"
        ],
        "interests": [
            "Psicolog\u00eda",
            "Baile",
            "Lectura",
            "Meditaci\u00f3n"
        ]
    }
}